{
"Profiles": [
{
  "Ansi 8 Color" : {
    "Green Component" : 0,
    "Blue Component" : 0,
    "Red Component" : 0
  },
  "Tags" : [

  ],
  "Ansi 12 Color" : {
    "Green Component" : 0.79607843137254897,
    "Blue Component" : 0.99607843137254903,
    "Red Component" : 0.58823529411764708
  },
  "Ansi 9 Color" : {
    "Green Component" : 0.37254901959999998,
    "Blue Component" : 0.94509803920000002,
    "Red Component" : 0.99215686270000003
  },
  "Ansi 7 Color" : {
    "Green Component" : 0.87803357839584351,
    "Blue Component" : 0.87804847955703735,
    "Red Component" : 0.87805986404418945
  },
  "Bold Color" : {
    "Green Component" : 0.78431372549019607,
    "Blue Component" : 0.77647058823529413,
    "Red Component" : 0.77254901960784317
  },
  "Custom Directory" : "No",
  "Guid" : "B00BCDF3-3E08-4070-92BE-93AD719EB020",
  "Link Color" : {
    "Red Component" : 0,
    "Color Space" : "sRGB",
    "Blue Component" : 0.73423302173614502,
    "Alpha Component" : 1,
    "Green Component" : 0.35916060209274292
  },
  "Rows" : 25,
  "Default Bookmark" : "No",
  "Allow Title Reporting" : true,
  "Cursor Guide Color" : {
    "Red Component" : 0.70213186740875244,
    "Color Space" : "sRGB",
    "Blue Component" : 1,
    "Alpha Component" : 0.25,
    "Green Component" : 0.9268307089805603
  },
  "Non-ASCII Anti Aliased" : true,
  "Use Bright Bold" : true,
  "Ansi 10 Color" : {
    "Green Component" : 0.97885209321975708,
    "Blue Component" : 0.21213282644748688,
    "Red Component" : 0.58183550834655762
  },
  "Ambiguous Double Width" : false,
  "Jobs to Ignore" : [
    "rlogin",
    "ssh",
    "slogin",
    "telnet"
  ],
  "Ansi 15 Color" : {
    "Green Component" : 0.87803351879119873,
    "Blue Component" : 0.87804841995239258,
    "Red Component" : 0.87805980443954468
  },
  "Foreground Color" : {
    "Green Component" : 0.78431372549019607,
    "Blue Component" : 0.77647058823529413,
    "Red Component" : 0.77254901960784317
  },
  "Working Directory" : "\/Users\/fredsiika",
  "Blinking Cursor" : true,
  "Disable Window Resizing" : true,
  "Sync Title" : false,
  "Description" : "Default",
  "BM Growl" : true,
  "Command" : "",
  "Mouse Reporting" : true,
  "Prompt Before Closing 2" : false,
  "Screen" : -1,
  "Selection Color" : {
    "Green Component" : 0.26666666666666666,
    "Blue Component" : 0.26666666666666666,
    "Red Component" : 0.26666666666666666
  },
  "Columns" : 80,
  "Idle Code" : 0,
  "Ansi 13 Color" : {
    "Green Component" : 0.71280097961425781,
    "Blue Component" : 0.98932766914367676,
    "Red Component" : 0.72722584009170532
  },
  "Custom Command" : "No",
  "ASCII Anti Aliased" : true,
  "Non Ascii Font" : "Monaco 12",
  "Vertical Spacing" : 1,
  "Use Bold Font" : true,
  "Option Key Sends" : 0,
  "Selected Text Color" : {
    "Red Component" : 0.58044172078371048,
    "Color Space" : "sRGB",
    "Blue Component" : 0.68408619999233922,
    "Alpha Component" : 1,
    "Green Component" : 0.864227294921875
  },
  "Background Color" : {
    "Green Component" : 0.092142701148986816,
    "Blue Component" : 0.097707755863666534,
    "Red Component" : 0.086937598884105682
  },
  "Character Encoding" : 4,
  "Ansi 11 Color" : {
    "Green Component" : 1,
    "Blue Component" : 0.6569250226020813,
    "Red Component" : 0.96221715211868286
  },
  "Thin Strokes" : 3,
  "Use Italic Font" : true,
  "Unlimited Scrollback" : true,
  "Keyboard Map" : {
    "0xf700-0x260000" : {
      "Action" : 10,
      "Text" : "[1;6A"
    },
    "0x37-0x40000" : {
      "Action" : 11,
      "Text" : "0x1f"
    },
    "0x32-0x40000" : {
      "Action" : 11,
      "Text" : "0x00"
    },
    "0xf709-0x20000" : {
      "Action" : 10,
      "Text" : "[17;2~"
    },
    "0xf70c-0x20000" : {
      "Action" : 10,
      "Text" : "[20;2~"
    },
    "0xf729-0x20000" : {
      "Action" : 10,
      "Text" : "[1;2H"
    },
    "0xf72b-0x40000" : {
      "Action" : 10,
      "Text" : "[1;5F"
    },
    "0xf705-0x20000" : {
      "Action" : 10,
      "Text" : "[1;2Q"
    },
    "0xf703-0x260000" : {
      "Action" : 10,
      "Text" : "[1;6C"
    },
    "0xf700-0x220000" : {
      "Action" : 10,
      "Text" : "[1;2A"
    },
    "0xf701-0x280000" : {
      "Action" : 11,
      "Text" : "0x1b 0x1b 0x5b 0x42"
    },
    "0x38-0x40000" : {
      "Action" : 11,
      "Text" : "0x7f"
    },
    "0x33-0x40000" : {
      "Action" : 11,
      "Text" : "0x1b"
    },
    "0xf703-0x220000" : {
      "Action" : 10,
      "Text" : "[1;2C"
    },
    "0xf701-0x240000" : {
      "Action" : 10,
      "Text" : "[1;5B"
    },
    "0xf70d-0x20000" : {
      "Action" : 10,
      "Text" : "[21;2~"
    },
    "0xf702-0x260000" : {
      "Action" : 10,
      "Text" : "[1;6D"
    },
    "0xf729-0x40000" : {
      "Action" : 10,
      "Text" : "[1;5H"
    },
    "0xf706-0x20000" : {
      "Action" : 10,
      "Text" : "[1;2R"
    },
    "0x34-0x40000" : {
      "Action" : 11,
      "Text" : "0x1c"
    },
    "0xf700-0x280000" : {
      "Action" : 11,
      "Text" : "0x1b 0x1b 0x5b 0x41"
    },
    "0x2d-0x40000" : {
      "Action" : 11,
      "Text" : "0x1f"
    },
    "0xf70e-0x20000" : {
      "Action" : 10,
      "Text" : "[23;2~"
    },
    "0xf702-0x220000" : {
      "Action" : 10,
      "Text" : "[1;2D"
    },
    "0xf703-0x280000" : {
      "Action" : 11,
      "Text" : "0x1b 0x1b 0x5b 0x43"
    },
    "0xf700-0x240000" : {
      "Action" : 10,
      "Text" : "[1;5A"
    },
    "0xf707-0x20000" : {
      "Action" : 10,
      "Text" : "[1;2S"
    },
    "0xf70a-0x20000" : {
      "Action" : 10,
      "Text" : "[18;2~"
    },
    "0x35-0x40000" : {
      "Action" : 11,
      "Text" : "0x1d"
    },
    "0xf70f-0x20000" : {
      "Action" : 10,
      "Text" : "[24;2~"
    },
    "0xf703-0x240000" : {
      "Action" : 10,
      "Text" : "[1;5C"
    },
    "0xf701-0x260000" : {
      "Action" : 10,
      "Text" : "[1;6B"
    },
    "0xf702-0x280000" : {
      "Action" : 11,
      "Text" : "0x1b 0x1b 0x5b 0x44"
    },
    "0xf72b-0x20000" : {
      "Action" : 10,
      "Text" : "[1;2F"
    },
    "0x36-0x40000" : {
      "Action" : 11,
      "Text" : "0x1e"
    },
    "0xf708-0x20000" : {
      "Action" : 10,
      "Text" : "[15;2~"
    },
    "0xf701-0x220000" : {
      "Action" : 10,
      "Text" : "[1;2B"
    },
    "0xf70b-0x20000" : {
      "Action" : 10,
      "Text" : "[19;2~"
    },
    "0xf702-0x240000" : {
      "Action" : 10,
      "Text" : "[1;5D"
    },
    "0xf704-0x20000" : {
      "Action" : 10,
      "Text" : "[1;2P"
    }
  },
  "Window Type" : 0,
  "Cursor Boost" : 0.13284761235955056,
  "Blink Allowed" : true,
  "Background Image Location" : "",
  "Blur" : false,
  "Badge Color" : {
    "Red Component" : 1,
    "Color Space" : "sRGB",
    "Blue Component" : 0,
    "Alpha Component" : 0.5,
    "Green Component" : 0.1491314172744751
  },
  "Scrollback Lines" : 0,
  "Send Code When Idle" : false,
  "Close Sessions On End" : true,
  "Terminal Type" : "xterm-256color",
  "Visual Bell" : true,
  "Flashing Bell" : false,
  "Silence Bell" : true,
  "Ansi 14 Color" : {
    "Green Component" : 0.74560397863388062,
    "Blue Component" : 0.99405109882354736,
    "Red Component" : 0.5230981707572937
  },
  "Name" : "Default",
  "Cursor Text Color" : {
    "Green Component" : 0.08235294371843338,
    "Blue Component" : 0.08235294371843338,
    "Red Component" : 0.08235294371843338
  },
  "Shortcut" : "",
  "Cursor Color" : {
    "Green Component" : 0.81568628549575806,
    "Blue Component" : 0.81568628549575806,
    "Red Component" : 0.81568628549575806
  },
  "Transparency" : 0,
  "Ansi 0 Color" : {
    "Green Component" : 0,
    "Blue Component" : 0,
    "Red Component" : 0
  },
  "Ansi 1 Color" : {
    "Green Component" : 0.37254901959999998,
    "Blue Component" : 0.94509803920000002,
    "Red Component" : 0.99215686270000003
  },
  "Horizontal Spacing" : 1,
  "Ansi 3 Color" : {
    "Green Component" : 0.84313725490196079,
    "Blue Component" : 0.69411764705882351,